登録名称（屋号）,公表日,登録年度,登録種別,ZEHビルダー/プランナーZEH普及対象,ZEH普及実績[2020年度]（新築戸建住宅）,ZEH普及実績[2020年度]（既存改修）,ZEH普及実績[2021年度]（新築戸建住宅）,ZEH普及実績[2021年度]（既存改修）,ZEH普及実績[2022年度]（新築戸建住宅）,ZEH普及実績[2022年度]（既存改修）,ZEH普及実績[2023年度]（新築戸建住宅）,ZEH普及実績[2023年度]（既存改修）,ZEH普及実績[2024年度]（新築戸建住宅）,ZEH普及実績[2024年度]（既存改修）,ZEH普及目標[2025年度]（新築戸建住宅）,ZEH普及目標[2025年度]（既存改修）,対応可能エリア,ホームページ,電話番号,ZEHビルダー/プランナー評価
"BESS",2025/06/27,2025,"B登録","新築注文戸建住宅,新築建売戸建住宅",0,,0,,0,,0,,0,,50,,"青森県;岩手県;宮城県;秋田県;山形県;福島県;茨城県;栃木県;群馬県;埼玉県;千葉県;東京都;神奈川県;新潟県;富山県;石川県;福井県;山梨県;長野県;岐阜県;静岡県;愛知県;三重県;滋賀県;京都府;大阪府;兵庫県;奈良県;和歌山県;鳥取県;島根県;岡山県;広島県;山口県;徳島県;香川県;愛媛県;高知県;福岡県;佐賀県;長崎県;熊本県;大分県;宮崎県;鹿児島県",https://www.bess.jp/zeh/,03-5990-4070,
"大川建築設計事務所",2024/12/27,2024,"B登録","新築注文戸建住宅",0,,0,,0,,0,,未,,100,,"青森県;岩手県;宮城県;秋田県;山形県;福島県;茨城県;栃木県;群馬県;埼玉県;千葉県;東京都;神奈川県;新潟県;富山県;石川県;福井県;山梨県;長野県;岐阜県;静岡県;愛知県;三重県;滋賀県;京都府;大阪府;兵庫県;奈良県;和歌山県;鳥取県;島根県;岡山県;広島県;山口県;徳島県;香川県;愛媛県;高知県;福岡県;佐賀県;長崎県;熊本県;大分県;宮崎県;鹿児島県;沖縄県",,080-6955-2356,
"株式会社作造",2024/12/27,2024,"B登録","新築注文戸建住宅,新築建売戸建住宅",15,,25,,37,,93,,未,,90,,"富山県;石川県;福井県",http://sakuzo-style.jp/info/zeh/,076-256-3518,
"匠堂合同会社",2024/11/29,2024,"B登録","新築注文戸建住宅",100,,100,,100,,100,,未,,100,,"福井県;岐阜県;愛知県;滋賀県",http://e-takumido.moo.jp,090-5050-1093,
"株式会社EN総合計画",2024/10/25,2024,"B登録","新築注文戸建住宅",0,,0,,0,,0,,未,,50,,"青森県;岩手県;宮城県;秋田県;山形県;福島県;茨城県;栃木県;群馬県;埼玉県;千葉県;東京都;神奈川県;新潟県;富山県;石川県;福井県;山梨県;長野県;岐阜県;静岡県;愛知県;三重県;滋賀県;京都府;大阪府;兵庫県;奈良県;和歌山県;鳥取県;島根県;岡山県;広島県;山口県;徳島県;香川県;愛媛県;高知県;福岡県;佐賀県;長崎県;熊本県;大分県;宮崎県;鹿児島県;沖縄県",https://www.ensougou.com/,024-954-3033,
"川口工務店株式会社",2024/10/25,2024,"B登録","新築注文戸建住宅,既存改修",0,0,0,0,0,0,0,0,未,未,100,50,"富山県;石川県;福井県",https://kawaguchi-koumuten.com/,0763-88-9038,
"株式会社宮本組",2024/10/25,2024,"B登録","新築注文戸建住宅,既存改修",0,0,0,0,0,0,0,0,未,未,50,50,"石川県;福井県;岐阜県;愛知県;滋賀県;京都府;大阪府",https://www.miyamoto-gumi.com/home-craft-m/zeh/,0749-62-6874,
"株式会社イケダ",2024/09/27,2024,"B登録","新築注文戸建住宅",0,,0,,100,,0,,未,,75,,"福井県",,0770-25-6654,
"幸せの家づくり研究会",2024/09/27,2024,"B登録","新築注文戸建住宅,既存改修",0,0,4,0,16,0,98,0,未,未,100,60,"福井県",https://mizumoto-koumuten.co.jp/news/post/post-4448/,0776-50-2402,
"株式会社BlackPepper",2024/09/27,2024,"B登録","新築注文戸建住宅,既存改修",100,100,100,0,100,0,100,0,未,未,100,100,"青森県;岩手県;宮城県;秋田県;山形県;福島県;茨城県;栃木県;群馬県;埼玉県;千葉県;東京都;神奈川県;新潟県;富山県;石川県;福井県;山梨県;長野県;岐阜県;静岡県;愛知県;三重県;滋賀県;京都府;大阪府;兵庫県;奈良県;和歌山県;鳥取県;島根県;岡山県;広島県;山口県;徳島県;香川県;愛媛県;高知県;福岡県;佐賀県;長崎県;熊本県;大分県;宮崎県;鹿児島県;沖縄県",https://www.black-pepper.jp/other/what-is-the-zero-energy-house-zeh-of-the-future/,026-219-2489,
"一級建築士事務所土田知佳デザイン",2024/08/30,2024,"B登録","新築注文戸建住宅",0,,0,,0,,0,,50,,50,,"青森県;岩手県;宮城県;秋田県;山形県;福島県;茨城県;栃木県;群馬県;埼玉県;千葉県;東京都;神奈川県;新潟県;富山県;石川県;福井県;山梨県;長野県;岐阜県;静岡県;愛知県;三重県;滋賀県;京都府;大阪府;兵庫県;奈良県;和歌山県;鳥取県;島根県;岡山県;広島県;山口県;徳島県;香川県;愛媛県;高知県;福岡県;佐賀県;長崎県;熊本県;大分県;宮崎県;鹿児島県;沖縄県",https://www.chikatsuchida.com/,090-7802-4476,★★★★★☆
"ディレクト株式会社",2024/08/30,2024,"B登録","新築注文戸建住宅,既存改修",0,0,0,0,4,0,63,0,未,未,80,50,"石川県;福井県",https://www.direct-co.com/company/img/ZEH-M_initiative-plan.pdf,076-256-3667,
"お茶の間設計株式会社",2024/07/26,2024,"B登録","新築注文戸建住宅",0,,0,,0,,0,,未,,100,,"福井県;岐阜県;愛知県;三重県;滋賀県;京都府;大阪府;兵庫県;奈良県;和歌山県",,072-683-5799,
"株式会社川田建築設計",2024/06/28,2024,"B登録","新築注文戸建住宅,新築建売戸建住宅,既存改修",0,0,0,0,0,0,0,0,未,未,70,50,"新潟県;富山県;石川県;福井県;岐阜県",https://kawata-architecture.com/zeh/,076-471-8355,
"タイラヤスヒロ建築設計事務所",2024/06/28,2024,"B登録","新築注文戸建住宅,既存改修",0,0,0,0,0,0,0,0,0,0,50,50,"青森県;岩手県;宮城県;秋田県;山形県;福島県;茨城県;栃木県;群馬県;埼玉県;千葉県;東京都;神奈川県;新潟県;富山県;石川県;福井県;山梨県;長野県;岐阜県;静岡県;愛知県;三重県;滋賀県;京都府;大阪府;兵庫県;奈良県;和歌山県;鳥取県;島根県;岡山県;広島県;山口県;徳島県;香川県;愛媛県;高知県;福岡県;佐賀県;長崎県;熊本県;大分県;宮崎県;鹿児島県;沖縄県",https://www.taira-arch.com/,043-312-5426,
"有限会社　竹田材木店",2024/06/28,2024,"B登録","新築注文戸建住宅",0,,0,,50,,0,,100,,50,,"石川県;福井県",http://www4.fctv.ne.jp/~t-lumber/index.html,0776-79-1320,★★★★★★
"株式会社プラスデザイン一級建築士事務所",2024/06/28,2024,"B登録","新築注文戸建住宅",0,,0,,0,,0,,25,,50,,"青森県;岩手県;宮城県;秋田県;山形県;福島県;茨城県;栃木県;群馬県;埼玉県;千葉県;東京都;神奈川県;新潟県;富山県;石川県;福井県;山梨県;長野県;岐阜県;静岡県;愛知県;三重県;滋賀県;京都府;大阪府;兵庫県;奈良県;和歌山県;鳥取県;島根県;岡山県;広島県;山口県;徳島県;香川県;愛媛県;高知県;福岡県;佐賀県;長崎県;熊本県;大分県;宮崎県;鹿児島県;沖縄県",,03-6300-4339,
"ラルゴプランニング",2024/06/28,2024,"B登録","新築注文戸建住宅,既存改修",0,0,0,0,0,0,0,0,未,未,55,65,"青森県;岩手県;宮城県;秋田県;山形県;福島県;茨城県;栃木県;群馬県;埼玉県;千葉県;東京都;神奈川県;新潟県;富山県;石川県;福井県;山梨県;長野県;岐阜県;静岡県;愛知県;三重県;滋賀県;京都府;大阪府;兵庫県;奈良県;和歌山県;鳥取県;島根県;岡山県;広島県;山口県;徳島県;香川県;愛媛県;高知県;福岡県;佐賀県;長崎県;熊本県;大分県;宮崎県;鹿児島県;沖縄県",,03-6801-5205,
"株式会社あまや製材",2024/05/31,2024,"B登録","新築注文戸建住宅",0,,0,,0,,0,,0,,50,,"福井県",http://amaya-co.jp/zeh_index.html,0779-65-7600,
"合同会社ハレ建築デザイン",2024/05/31,2024,"B登録","新築注文戸建住宅,既存改修",0,0,0,0,100,0,100,0,未,未,50,50,"石川県;福井県",https://hale-a.site/zeh/,0761-76-9277,
"チエアトリエ一級建築士事務所",2024/05/31,2024,"B登録","新築注文戸建住宅,既存改修",0,0,0,0,0,0,100,0,未,未,75,50,"青森県;岩手県;宮城県;秋田県;山形県;福島県;茨城県;栃木県;群馬県;埼玉県;千葉県;東京都;神奈川県;新潟県;富山県;石川県;福井県;山梨県;長野県;岐阜県;静岡県;愛知県;三重県;滋賀県;京都府;大阪府;兵庫県;奈良県;和歌山県;鳥取県;島根県;岡山県;広島県;山口県;徳島県;香川県;愛媛県;高知県;福岡県;佐賀県;長崎県;熊本県;大分県;宮崎県;鹿児島県;沖縄県",,0766-61-2241,
"株式会社セイデン",2024/04/25,2024,"B登録","新築注文戸建住宅",0,,0,,0,,0,,0,,50,,"青森県;岩手県;宮城県;秋田県;山形県;福島県;茨城県;栃木県;群馬県;埼玉県;千葉県;東京都;神奈川県;新潟県;富山県;石川県;福井県;山梨県;長野県;岐阜県;静岡県;愛知県;三重県;滋賀県;京都府;大阪府;兵庫県;奈良県;和歌山県;鳥取県;島根県;岡山県;広島県;山口県;徳島県;香川県;愛媛県;高知県;福岡県;佐賀県;長崎県;熊本県;大分県;宮崎県;鹿児島県;沖縄県",https://nias-a.com/zeh-target/,0465-46-7733,
"株式会社　ＩＫＩ",2024/02/09,2023,"B登録","新築注文戸建住宅,新築建売戸建住宅,既存改修",0,0,0,0,0,0,0,0,100,0,100,100,"福井県",https://iki-fukui.com/,0776-43-3537,★★★★★★
"株式会社ＧＩＦＴ",2024/02/09,2023,"B登録","新築注文戸建住宅,新築建売戸建住宅",0,,0,,0,,5,,未,,100,,"富山県;石川県;福井県",https://giftco-estate.com/company/,076-287-6714,
"株式会社OSP",2023/11/24,2023,"B登録","新築注文戸建住宅",0,,0,,0,,0,,未,,50,,"山形県;福島県;茨城県;栃木県;群馬県;埼玉県;千葉県;東京都;神奈川県;新潟県;富山県;石川県;福井県;山梨県;長野県;岐阜県;静岡県;愛知県;三重県;滋賀県;京都府;大阪府;兵庫県;奈良県;和歌山県;鳥取県;島根県;岡山県;広島県;山口県;徳島県;香川県;愛媛県;高知県;福岡県;佐賀県;長崎県;熊本県;大分県;宮崎県;鹿児島県;沖縄県",https://osp-inc.jp/business/earth/zeh.html,078-862-1831,
"GRAND HOUSE株式会社",2023/11/24,2023,"B登録","新築注文戸建住宅",0,,0,,100,,100,,未,,80,,"石川県;福井県",https://grand-house-co.com/performance/,0776-50-3917,
"充総合計画一級建築士事務所",2023/11/24,2023,"B登録","新築注文戸建住宅,既存改修",0,0,0,0,0,30,0,0,未,未,70,70,"青森県;岩手県;宮城県;秋田県;山形県;福島県;茨城県;栃木県;群馬県;埼玉県;千葉県;東京都;神奈川県;新潟県;富山県;石川県;福井県;山梨県;長野県;岐阜県;静岡県;愛知県;三重県;滋賀県;京都府;大阪府;兵庫県;奈良県;和歌山県;鳥取県;島根県;岡山県;広島県;山口県;徳島県;香川県;愛媛県;高知県;福岡県;佐賀県;長崎県;熊本県;大分県;宮崎県;鹿児島県;沖縄県",https://www.jyuarchitect.com/aboutus.html,03-5726-9404,
"株式会社バヤン・ハーン東京",2023/11/24,2023,"B登録","新築注文戸建住宅,既存改修",0,0,0,0,0,0,0,0,未,未,50,50,"青森県;岩手県;宮城県;秋田県;山形県;福島県;茨城県;栃木県;群馬県;埼玉県;千葉県;東京都;神奈川県;新潟県;富山県;石川県;福井県;山梨県;長野県;岐阜県;静岡県;愛知県;三重県;滋賀県;京都府;大阪府;兵庫県;奈良県;和歌山県;鳥取県;島根県;岡山県;広島県;山口県;徳島県;香川県;愛媛県;高知県;福岡県;佐賀県;長崎県;熊本県;大分県;宮崎県;鹿児島県;沖縄県",https://bayanhantokyo.com/,03-6809-1866,
"MOGPLAN",2023/11/24,2023,"B登録","新築注文戸建住宅,既存改修",0,0,0,0,0,0,0,0,未,未,50,50,"千葉県;東京都;神奈川県;新潟県;富山県;石川県;福井県;山梨県;長野県;岐阜県;静岡県;愛知県;三重県;滋賀県;京都府;大阪府;兵庫県;奈良県;和歌山県;岡山県;徳島県;香川県;沖縄県",https://www.mogplan.com/info/mogplan-zeh/,06-6627-9880,
"株式会社　SITY",2023/09/29,2023,"B登録","新築注文戸建住宅,新築建売戸建住宅",0,,0,,0,,0,,未,,100,,"福井県",https://www.fukuidream.jp/event-ssl/whatsnew/lixil35.html,0776-97-6597,
"株式会社Zou",2023/09/29,2023,"B登録","新築注文戸建住宅,既存改修",0,0,0,0,0,0,50,0,未,未,50,50,"福井県",https://www.zoufukui.jp/news/detail.php?id=20,0776-97-9184,
"株式会社　中井総合建築",2023/08/25,2023,"B登録","新築注文戸建住宅",0,,0,,0,,25,,未,,75,,"福井県",https://www.nakaisogo.com/,0778-23-2444,
"有限会社アラキ建築設計事務所",2023/07/28,2023,"B登録","新築注文戸建住宅,既存改修",0,0,0,0,0,0,未,未,未,未,50,50,"富山県;石川県;福井県",https://araki-ao.com/,076-258-0250,
"荒木木材工業株式会社",2023/07/28,2023,"B登録","新築注文戸建住宅,既存改修",0,0,0,0,0,0,未,未,未,未,50,50,"富山県;石川県;福井県",https://araki-ie.com/,076-258-0214,
"ラクラス株式会社",2023/07/28,2023,"B登録","新築注文戸建住宅,既存改修",0,0,0,0,0,0,100,0,75,0,50,50,"富山県;石川県;福井県",https://laclas.co.jp/company/,076-254-1115,★★★★★★
"株式会社　クラバウト",2023/06/30,2023,"B登録","新築注文戸建住宅",0,,0,,25,,67,,未,,50,,"福井県;岡山県",,0776-76-5849,
"株式会社シェルター",2023/06/30,2023,"B登録","新築注文戸建住宅",0,,0,,9,,79,,未,,75,,"青森県;岩手県;宮城県;秋田県;山形県;福島県;茨城県;栃木県;群馬県;埼玉県;千葉県;東京都;神奈川県;新潟県;富山県;石川県;福井県;山梨県;長野県;岐阜県;静岡県;愛知県;三重県;滋賀県;京都府;大阪府;兵庫県;奈良県;和歌山県;鳥取県;島根県;岡山県;広島県;山口県;徳島県;香川県;愛媛県;高知県;福岡県;佐賀県;長崎県;熊本県;大分県;宮崎県;鹿児島県",https://shelter.inc/design/process,023-647-5000,
"晶建築設計事務所",2023/05/26,2023,"B登録","新築注文戸建住宅",0,,0,,0,,0,,未,,50,,"福井県",,0776-53-3999,
"株式会社白崎工務店",2023/05/26,2023,"B登録","新築注文戸建住宅,新築建売戸建住宅,既存改修",0,0,0,0,0,0,100,0,未,未,50,50,"福井県;岐阜県;三重県;滋賀県;京都府;大阪府",,077-572-5872,
"株式会社SamePictureCompany",2023/05/26,2023,"B登録","新築注文戸建住宅,既存改修",0,0,0,0,0,0,0,0,未,未,50,50,"青森県;岩手県;宮城県;秋田県;山形県;福島県;茨城県;栃木県;群馬県;埼玉県;千葉県;東京都;神奈川県;新潟県;富山県;石川県;福井県;山梨県;長野県;岐阜県;静岡県;愛知県;三重県;滋賀県;京都府;大阪府;兵庫県;奈良県;和歌山県;鳥取県;島根県;岡山県;広島県;山口県;徳島県;香川県;愛媛県;高知県;福岡県;佐賀県;長崎県;熊本県;大分県;宮崎県;鹿児島県;沖縄県",https://samepicture.co.jp/,046-854-9008,
"宮徹也建築計画",2023/04/27,2023,"B登録","新築注文戸建住宅,既存改修",0,0,0,0,0,0,0,0,未,未,50,50,"富山県;石川県;福井県",https://www.miya-plan.com/about-1,076-282-7020,
"株式会社エバーグリーン",2023/02/10,2022,"B登録","新築注文戸建住宅",0,,0,,未,,未,,未,,50,,"福井県",,0776-51-0429,
"株式会社総建ハウジング",2023/02/10,2022,"B登録","新築注文戸建住宅",6,,6,,9,,100,,91,,50,,"福井県",https://www.soukenhousing.jp/zeh/,0776-25-5700,★★★★★★
"田地工務店",2023/02/10,2022,"B登録","新築注文戸建住宅,既存改修",0,0,0,0,0,0,100,0,未,未,50,50,"福井県",https://www.taji-koum.com/general-5,0778-23-0771,
"有限会社吉見建築士事務所",2023/02/10,2022,"B登録","新築注文戸建住宅,既存改修",0,0,0,0,0,0,0,0,0,0,80,50,"富山県;石川県;福井県",https://yoshimi-office.jp/zeh/,076-276-3766,
"スターパイロッツ",2023/01/27,2022,"B登録","新築注文戸建住宅,既存改修",0,0,0,0,未,未,未,未,未,未,50,50,"青森県;岩手県;宮城県;秋田県;山形県;福島県;茨城県;栃木県;群馬県;埼玉県;千葉県;東京都;神奈川県;新潟県;富山県;石川県;福井県;山梨県;長野県;岐阜県;静岡県;愛知県;三重県;滋賀県;京都府;大阪府;兵庫県;奈良県;和歌山県;鳥取県;島根県;岡山県;広島県;山口県;徳島県;香川県;愛媛県;高知県;福岡県;佐賀県;長崎県;熊本県;大分県;宮崎県;鹿児島県;沖縄県",https://www.starpilots.jp,03-6452-2845,
"株式会社プロシード",2023/01/27,2022,"B登録","新築注文戸建住宅,既存改修",0,0,0,0,0,0,0,0,未,未,50,50,"福井県;滋賀県;京都府;大阪府;兵庫県",,0773-76-5919,
"今澤工務店",2022/12/23,2022,"B登録","新築注文戸建住宅,既存改修",100,0,100,0,50,0,0,0,未,未,80,50,"福井県",https://ima-layout.work/about.php,0776-64-2576,
"エイチ・アーキテクツ",2022/11/25,2022,"B登録","新築注文戸建住宅",0,,0,,0,,未,,未,,50,,"青森県;岩手県;宮城県;秋田県;山形県;福島県;茨城県;栃木県;群馬県;埼玉県;千葉県;東京都;神奈川県;新潟県;富山県;石川県;福井県;山梨県;長野県;岐阜県;静岡県;愛知県;三重県;滋賀県;京都府;大阪府;兵庫県;奈良県;和歌山県;鳥取県;島根県;岡山県;広島県;山口県;徳島県;香川県;愛媛県;高知県;福岡県;佐賀県;長崎県;熊本県;大分県;宮崎県;鹿児島県;沖縄県",https://www.h-arch.jp/?page_id=17,03-5357-7035,
"株式会社　コモドハウス",2022/10/28,2022,"B登録","新築注文戸建住宅,新築建売戸建住宅,既存改修",0,0,0,0,0,0,0,0,未,未,50,50,"青森県;岩手県;宮城県;秋田県;山形県;福島県;茨城県;栃木県;群馬県;埼玉県;千葉県;東京都;神奈川県;新潟県;富山県;石川県;福井県;山梨県;長野県;岐阜県;静岡県;愛知県;三重県;滋賀県;京都府;大阪府;兵庫県;奈良県;和歌山県;鳥取県;島根県;岡山県;広島県;山口県;徳島県;香川県;愛媛県;高知県;福岡県;佐賀県;長崎県;熊本県;大分県;宮崎県;鹿児島県;沖縄県",https://comodohouse.jp/,098-898-0293,
"日本新都市開発株式会社",2022/09/22,2022,"B登録","新築注文戸建住宅,新築建売戸建住宅,既存改修",0,0,0,0,0,58,0,31,未,未,50,50,"青森県;岩手県;宮城県;秋田県;山形県;福島県;茨城県;栃木県;群馬県;埼玉県;千葉県;東京都;神奈川県;新潟県;富山県;石川県;福井県;山梨県;長野県;岐阜県;静岡県;愛知県;三重県;滋賀県;京都府;大阪府;兵庫県;奈良県;和歌山県;鳥取県;島根県;岡山県;広島県;山口県;徳島県;香川県;愛媛県;高知県;福岡県;佐賀県;長崎県;熊本県;大分県;宮崎県;鹿児島県;沖縄県",https://www.nihonshintoshi-group.jp/zeh,03-5357-1558,
"株式会社一級建築士事務所設計組織DNA",2022/08/26,2022,"B登録","新築注文戸建住宅,既存改修",0,0,0,0,0,0,未,未,未,未,60,60,"青森県;岩手県;宮城県;秋田県;山形県;福島県;茨城県;栃木県;群馬県;埼玉県;千葉県;東京都;神奈川県;新潟県;富山県;石川県;福井県;山梨県;長野県;岐阜県;静岡県;愛知県;三重県;滋賀県;京都府;大阪府;兵庫県;奈良県;和歌山県;鳥取県;島根県;岡山県;広島県;山口県;徳島県;香川県;愛媛県;高知県;福岡県;佐賀県;長崎県;熊本県;大分県;宮崎県;鹿児島県;沖縄県",https://www.den-nen.com,075-354-5115,
"有限会社　大同工務店",2022/08/26,2022,"B登録","新築注文戸建住宅",100,,29,,67,,100,,未,,75,,"福井県",https://daido-k.com/?p=328,0770-32-1469,
"キミドリ建築",2022/07/29,2022,"B登録","新築注文戸建住宅",17,,17,,50,,25,,未,,50,,"青森県;岩手県;宮城県;秋田県;山形県;福島県;茨城県;栃木県;群馬県;埼玉県;千葉県;東京都;神奈川県;新潟県;富山県;石川県;福井県;山梨県;長野県;岐阜県;静岡県;愛知県;三重県;滋賀県;京都府;大阪府;兵庫県;奈良県;和歌山県;鳥取県;島根県;岡山県;広島県;山口県;徳島県;香川県;愛媛県;高知県;福岡県;佐賀県;長崎県;熊本県;大分県;宮崎県;鹿児島県;沖縄県",https://www.g-wood.jp/information/,0581-52-3885,
"CRAFIT HOUSE",2022/07/29,2022,"B登録","新築注文戸建住宅,新築建売戸建住宅,既存改修",15,0,15,0,未,未,未,未,未,未,50,50,"石川県;福井県",https://crafithouse.com/,0776-51-2119,
"株式会社　総進建設工業",2022/07/29,2022,"B登録","新築注文戸建住宅,新築建売戸建住宅",0,,0,,0,,90,,未,,50,,"福井県;滋賀県;京都府;兵庫県",https://soshin-inc.com,0120-638-780,
"株式会社　エネルギーまちづくり社",2022/06/24,2022,"B登録","新築注文戸建住宅,既存改修",0,0,0,0,0,0,0,0,未,未,100,100,"青森県;岩手県;宮城県;秋田県;山形県;福島県;茨城県;栃木県;群馬県;埼玉県;千葉県;東京都;神奈川県;新潟県;富山県;石川県;福井県;山梨県;長野県;岐阜県;静岡県;愛知県;三重県;滋賀県;京都府;大阪府;兵庫県;奈良県;和歌山県;鳥取県;島根県;岡山県;広島県;山口県;徳島県;香川県;愛媛県;高知県;福岡県;佐賀県;長崎県;熊本県;大分県;宮崎県;鹿児島県;沖縄県",https://www.enemachi.com/1216/,03-5860-1596,
"株式会社デザインオー建築事務所",2022/06/24,2022,"B登録","新築注文戸建住宅,既存改修",0,0,0,0,0,0,0,0,未,未,100,100,"青森県;岩手県;宮城県;秋田県;山形県;福島県;茨城県;栃木県;群馬県;埼玉県;千葉県;東京都;神奈川県;新潟県;富山県;石川県;福井県;山梨県;長野県;岐阜県;静岡県;愛知県;三重県;滋賀県;京都府;大阪府;兵庫県;奈良県;和歌山県;鳥取県;島根県;岡山県;広島県;山口県;徳島県;香川県;愛媛県;高知県;福岡県;佐賀県;長崎県;熊本県;大分県;宮崎県;鹿児島県;沖縄県",https://www.design-oh.com,045-402-9206,
"天工舎一級建築士事務所",2022/06/24,2022,"B登録","新築注文戸建住宅,既存改修",0,0,0,0,未,未,未,未,未,未,50,50,"青森県;岩手県;宮城県;秋田県;山形県;福島県;茨城県;栃木県;群馬県;埼玉県;千葉県;東京都;神奈川県;新潟県;富山県;石川県;福井県;山梨県;長野県;岐阜県;静岡県;愛知県;三重県;滋賀県;京都府;大阪府;兵庫県;奈良県;和歌山県;鳥取県;島根県;岡山県;広島県;山口県;徳島県;香川県;愛媛県;高知県;福岡県;佐賀県;長崎県;熊本県;大分県;宮崎県;鹿児島県;沖縄県",https://www.k-tantei.com/,0465-35-1464,
"有限会社　薮内工務店",2022/06/24,2022,"B登録","新築注文戸建住宅,既存改修",0,0,0,0,0,0,100,100,0,0,50,90,"富山県;石川県;福井県",https://yabuuchi.work/aboutus-2/,0761-73-2655,
"WISHHOME（ウィッシュホーム）",2022/05/27,2022,"B登録","新築注文戸建住宅",0,,20,,20,,75,,未,,50,,"石川県;福井県",https://www.wh1229.com/free/112980/,0761-65-1229,
"有限会社　塩見工務店",2022/05/27,2022,"B登録","新築注文戸建住宅,既存改修",0,0,0,0,20,0,34,0,未,未,50,50,"福井県;京都府;兵庫県",http://shiomi-kiraku.com/zeh,0773-75-3774,
"アルスホーム株式会社",2022/02/10,2021,"B登録","新築注文戸建住宅",0,,0,,1,,0,,2,,50,,"新潟県;富山県;石川県;福井県",https://www.arshome.co.jp/consultation/post-14683/,076-492-8998,
"有限会社　端工務店",2022/02/10,2021,"B登録","新築注文戸建住宅",0,,0,,0,,0,,0,,50,,"富山県;石川県;福井県",https://hashi-koumuten.com,076-268-1211,
"株式会社エヌ・エー・エフアーキテクツ",2022/01/28,2021,"B登録","新築注文戸建住宅",0,,0,,未,,未,,未,,50,,"青森県;岩手県;宮城県;秋田県;山形県;福島県;茨城県;栃木県;群馬県;埼玉県;千葉県;東京都;神奈川県;新潟県;富山県;石川県;福井県;山梨県;長野県;岐阜県;静岡県;愛知県;三重県;滋賀県;京都府;大阪府;兵庫県;奈良県;和歌山県;鳥取県;島根県;岡山県;広島県;山口県;徳島県;香川県;愛媛県;高知県;福岡県;佐賀県;長崎県;熊本県;大分県;宮崎県;鹿児島県;沖縄県",http://www.naf.ne.jp,03-9567-1403,
"有限会社ＺＯ設計室",2022/01/28,2021,"B登録","新築注文戸建住宅,既存改修",0,0,8,0,30,0,20,0,未,未,50,50,"青森県;岩手県;宮城県;秋田県;山形県;福島県;茨城県;栃木県;群馬県;埼玉県;千葉県;東京都;神奈川県;新潟県;富山県;石川県;福井県;山梨県;長野県;岐阜県;静岡県;愛知県;三重県;滋賀県;京都府;大阪府;兵庫県;奈良県;和歌山県;鳥取県;島根県;岡山県;広島県;山口県;徳島県;香川県;愛媛県;高知県;福岡県;佐賀県;長崎県;熊本県;大分県;宮崎県;鹿児島県;沖縄県",http://www.zoconeng.co.jp/ecoworks.html#ZEB,03-6854-4287,
"株式会社And Doホールディングス",2021/08/27,2021,"B登録","新築注文戸建住宅,新築建売戸建住宅,既存改修",0,0,0,0,0,0,0,0,未,未,50,50,"青森県;岩手県;宮城県;秋田県;山形県;福島県;茨城県;栃木県;群馬県;埼玉県;千葉県;東京都;神奈川県;新潟県;富山県;石川県;福井県;山梨県;長野県;岐阜県;静岡県;愛知県;三重県;滋賀県;京都府;大阪府;兵庫県;奈良県;和歌山県;鳥取県;島根県;岡山県;広島県;山口県;徳島県;香川県;愛媛県;高知県;福岡県;佐賀県;長崎県;熊本県;大分県;宮崎県;鹿児島県;沖縄県",https://www.doreform.com/knowledge/other/90/,075-254-7030,
"A-frame Japan株式会社",2021/06/25,2021,"B登録","新築注文戸建住宅",0,,0,,0,,未,,未,,50,,"青森県;岩手県;宮城県;秋田県;山形県;福島県;茨城県;栃木県;群馬県;埼玉県;千葉県;東京都;神奈川県;新潟県;富山県;石川県;福井県;山梨県;長野県;岐阜県;静岡県;愛知県;三重県;滋賀県;京都府;大阪府;兵庫県;奈良県;和歌山県;鳥取県;島根県;岡山県;広島県;山口県;徳島県;香川県;愛媛県;高知県;福岡県;佐賀県;長崎県;熊本県;大分県;宮崎県;鹿児島県;沖縄県",https://www.aframe-jp.com/,090-5612-5154,
"NAKAMURA",2021/06/25,2021,"B登録","新築注文戸建住宅,新築建売戸建住宅,既存改修",12,7,0,0,0,0,8,0,未,未,75,90,"青森県;岩手県;宮城県;秋田県;山形県;福島県;茨城県;栃木県;群馬県;埼玉県;千葉県;東京都;神奈川県;新潟県;富山県;石川県;福井県;山梨県;長野県;岐阜県;静岡県;愛知県;三重県;滋賀県;京都府;大阪府;兵庫県;奈良県;和歌山県;鳥取県;島根県;岡山県;広島県;山口県;徳島県;香川県;愛媛県;高知県;福岡県;佐賀県;長崎県;熊本県;大分県;宮崎県;鹿児島県;沖縄県",,0744-23-4980,
"フレンドリーハウス株式会社",2021/05/28,2021,"B登録","新築注文戸建住宅,新築建売戸建住宅",67,,8,,25,,62,,98,,75,,"富山県;石川県;福井県",https://friendly-house.co.jp/news/details_31057.html,0766-84-8359,★★★★★★
"リビングスペース",2021/02/19,2020,"B登録","新築注文戸建住宅,新築建売戸建住宅",0,,0,,100,,100,,未,,50,,"石川県;福井県",https://lvsp.jp/news/news-1023/,0776-52-8885,
"有限会社　山一建設",2020/09/25,2020,"B登録","新築注文戸建住宅,既存改修",0,0,0,0,0,0,0,0,未,未,50,50,"福井県",http://yamaichi-kensetsu.jp,0776-41-0626,
"ハイエスト事業グループ株式会社",2020/08/28,2020,"B登録","新築注文戸建住宅,新築建売戸建住宅",7,,17,,100,,89,,82,,50,,"富山県;石川県;福井県",,0776-34-7004,
"新協建設工業株式会社",2020/02/17,2019,"B登録","新築注文戸建住宅,既存改修",17,0,0,0,0,0,0,0,未,未,50,50,"埼玉県;千葉県;東京都;神奈川県;富山県;石川県;福井県;大阪府;広島県",http://shinkyo-ken.co.jp/ishikawa/info/1428.html,03-3836-2011,
"Owl Archi Land 一級建築士事務所",2020/01/15,2019,"B登録","新築注文戸建住宅",0,,0,,0,,0,,未,,50,,"青森県;岩手県;宮城県;秋田県;山形県;福島県;茨城県;栃木県;群馬県;埼玉県;千葉県;東京都;神奈川県;新潟県;富山県;石川県;福井県;山梨県;長野県;岐阜県;静岡県;愛知県;三重県;滋賀県;京都府;大阪府;兵庫県;奈良県;和歌山県;鳥取県;島根県;岡山県;広島県;山口県;徳島県;香川県;愛媛県;高知県;福岡県;佐賀県;長崎県;熊本県;大分県;宮崎県;鹿児島県;沖縄県",https://www.owlarchiland.com/zeh%E3%81%B8%E3%81%AE%E5%8F%96%E3%82%8A%E7%B5%84%E3%81%BF,0422-26-7734,
"株式会社　いわほり",2019/08/23,2019,"B登録","新築注文戸建住宅",0,,未,,未,,未,,未,,50,,"福井県",,0776-41-0698,
"株式会社ＫＵＭＵ工務店",2019/07/26,2019,"B登録","新築注文戸建住宅,既存改修",0,0,0,0,0,0,0,0,未,未,65,50,"富山県;石川県;福井県",https://www.kumu-ie.com/column/565/,076-273-0977,
"有限会社ケーズファクトリー",2019/07/26,2019,"B登録","新築注文戸建住宅,既存改修",0,0,0,0,未,未,未,未,未,未,70,70,"福島県;茨城県;栃木県;群馬県;埼玉県;千葉県;東京都;神奈川県;福井県;山梨県;長野県;静岡県;愛知県;岡山県;広島県;福岡県;沖縄県",https://www.ksfactorytimber.com/,048-810-2105,
"一級建築士事務所　荻原雅史建築設計事務所",2019/06/21,2019,"B登録","新築注文戸建住宅,既存改修",0,0,0,0,0,0,0,0,未,未,70,90,"青森県;岩手県;宮城県;秋田県;山形県;福島県;茨城県;栃木県;群馬県;埼玉県;千葉県;東京都;神奈川県;新潟県;富山県;石川県;福井県;山梨県;長野県;岐阜県;静岡県;愛知県;三重県;滋賀県;京都府;大阪府;兵庫県;奈良県;和歌山県;鳥取県;島根県;岡山県;広島県;山口県;徳島県;香川県;愛媛県;高知県;福岡県;佐賀県;長崎県;熊本県;大分県;宮崎県;鹿児島県;沖縄県",https://www.masashiogihara.com/service/,03-6454-1427,
"株式会社　北出木材工業",2019/05/24,2019,"B登録","新築注文戸建住宅",0,,0,,43,,43,,未,,50,,"石川県;福井県",,0761-72-0212,
"ノーク・ホームズ株式会社",2019/05/24,2019,"B登録","新築注文戸建住宅",0,,0,,0,,0,,未,,70,,"福井県",https://norq.co.jp/blog/74792/,0776-27-2103,
"サトウデザイン一級建築士事務所",2019/04/24,2019,"B登録","新築注文戸建住宅,既存改修",0,0,0,0,17,0,15,0,未,未,55,50,"青森県;岩手県;宮城県;秋田県;山形県;福島県;茨城県;栃木県;群馬県;埼玉県;千葉県;東京都;神奈川県;新潟県;富山県;石川県;福井県;山梨県;長野県;岐阜県;静岡県;愛知県;三重県;滋賀県;京都府;大阪府;兵庫県;奈良県;和歌山県;鳥取県;島根県;岡山県;広島県;山口県;徳島県;香川県;愛媛県;高知県;福岡県;佐賀県;長崎県;熊本県;大分県;宮崎県;鹿児島県;沖縄県",https://satoudesign.com/,090-6526-3893,
"株式会社　タカセ工業",2019/02/22,2018,"B登録","新築注文戸建住宅",0,,100,,0,,0,,0,,50,,"石川県;福井県",http://www.fas1.sakura.ne.jp/zeh.html?20240408,0776-34-4974,
"株式会社アトリエ六曜舎",2019/01/25,2018,"B登録","新築注文戸建住宅,既存改修",100,0,未,未,未,未,未,未,未,未,75,75,"青森県;岩手県;宮城県;秋田県;山形県;福島県;茨城県;栃木県;群馬県;埼玉県;千葉県;東京都;神奈川県;新潟県;富山県;石川県;福井県;山梨県;長野県;岐阜県;静岡県;愛知県;三重県;滋賀県;京都府;大阪府;兵庫県;奈良県;和歌山県;鳥取県;島根県;岡山県;広島県;山口県;徳島県;香川県;愛媛県;高知県;福岡県;佐賀県;長崎県;熊本県;大分県;宮崎県;鹿児島県",http://www.rokuyosha.com,042-483-8686,
"北村建設株式会社",2019/01/25,2018,"B登録","新築注文戸建住宅",0,,0,,0,,未,,未,,100,,"富山県;石川県;福井県",https://kitamurakensetsu.com/,076-278-4080,
"株式会社LINQS",2019/01/25,2018,"B登録","新築注文戸建住宅,既存改修",0,0,0,0,0,0,0,0,未,未,100,60,"青森県;岩手県;宮城県;秋田県;山形県;福島県;茨城県;栃木県;群馬県;埼玉県;千葉県;東京都;神奈川県;新潟県;富山県;石川県;福井県;山梨県;長野県;岐阜県;静岡県;愛知県;三重県",https://zeh.linqs.tokyo/,03-3451-6111,
"有限会社瀬津工務店",2018/10/26,2018,"B登録","新築注文戸建住宅,既存改修",0,0,0,0,0,0,未,未,未,未,50,50,"福井県;滋賀県;京都府",,077-572-1321,
"株式会社さくら",2018/07/11,2018,"B登録","新築注文戸建住宅,新築建売戸建住宅,既存改修",2,0,0,0,10,0,21,0,未,未,70,60,"富山県;石川県;福井県;岐阜県;愛知県;三重県;滋賀県;京都府;兵庫県",https://www.sakura-inc.net/blog/detail.php?id=50050,076-223-0505,
"Chell Living株式会社",2018/07/11,2018,"B登録","新築注文戸建住宅",0,,6,,12,,82,,未,,50,,"福井県",https://vivage.jp/common/image/common/Body/Document/ZEH2025.pdf?Version=20250610-1610,0776-57-7755,
"ARCREA株式会社",2018/06/20,2018,"B登録","新築注文戸建住宅,既存改修",34,0,40,0,未,未,未,未,未,未,50,50,"福井県",https://arcrea.biz/,0776-76-8183,
"中澤建築設計事務所",2018/06/20,2018,"B登録","新築注文戸建住宅,既存改修",0,0,0,0,0,0,0,0,0,0,50,50,"青森県;岩手県;宮城県;秋田県;山形県;福島県;茨城県;栃木県;群馬県;埼玉県;千葉県;東京都;神奈川県;新潟県;富山県;石川県;福井県;山梨県;長野県;岐阜県;静岡県;愛知県;三重県;滋賀県;京都府;大阪府;兵庫県;奈良県;和歌山県;鳥取県;島根県;岡山県;広島県;山口県;徳島県;香川県;愛媛県;高知県;福岡県;佐賀県;長崎県;熊本県;大分県;宮崎県;鹿児島県;沖縄県",,06-4256-8072,
"株式会社　明光建商",2018/05/18,2018,"B登録","新築注文戸建住宅,既存改修",0,0,0,0,0,0,0,0,0,0,50,50,"富山県;石川県;福井県",https://meiko-k.co.jp/business/products#zeh,0778-23-1181,
"株式会社レオニダス",2018/05/18,2018,"B登録","新築注文戸建住宅,既存改修",34,0,0,0,0,0,0,0,未,未,60,50,"福井県",https://leonidas-inc.jp/news/,0776-56-8434,
"株式会社インカムハウス",2018/04/27,2018,"B登録","新築注文戸建住宅,新築建売戸建住宅",23,,37,,84,,98,,99,,50,,"富山県;石川県;福井県",https://www.income-house.co.jp/news/details_31055.html,0120-236-505,★★★★★★
"有限会社東出建設",2018/02/23,2017,"B登録","新築注文戸建住宅,既存改修",0,0,100,0,0,0,0,0,未,未,80,50,"富山県;石川県;福井県",http://higashide-build.jp,0120-888-867,
"有限会社　中筋住建",2018/01/26,2017,"B登録","新築注文戸建住宅,既存改修",0,0,0,0,0,0,0,0,未,未,80,50,"福井県;滋賀県",,0749-89-0020,
"プレゼントデザイン",2017/10/27,2017,"B登録","新築注文戸建住宅,既存改修",100,0,100,0,84,0,100,0,未,未,100,100,"埼玉県;千葉県;東京都;神奈川県;新潟県;富山県;石川県;福井県;山梨県;長野県;岐阜県;静岡県;愛知県;三重県;滋賀県;京都府;大阪府;兵庫県;奈良県;和歌山県;鳥取県;島根県;岡山県;広島県;山口県;徳島県;香川県;愛媛県;高知県;福岡県;佐賀県;長崎県;熊本県;大分県;宮崎県;鹿児島県",https://pleasant-design.com/zehaim-2/,082-569-8553,
"大森建築株式会社",2017/08/04,2017,"B登録","新築注文戸建住宅,既存改修",17,0,未,未,未,未,未,未,未,未,60,50,"栃木県;群馬県;東京都;神奈川県;新潟県;福井県;山梨県;長野県;静岡県",http://www.oomorikenchiku.com/index.html,0555-84-2852,
"株式会社グリーンウッド",2017/08/04,2017,"B登録","新築注文戸建住宅,既存改修",0,0,0,0,0,0,0,0,未,未,50,50,"富山県;石川県;福井県;長野県;岐阜県;愛知県;三重県;滋賀県;京都府;大阪府;兵庫県;奈良県;和歌山県",,0577-34-0162,
"クリ英ター永和　株式会社",2017/06/14,2017,"B登録","新築注文戸建住宅",2,,21,,49,,100,,未,,50,,"福井県",https://creatorhome.co.jp/assets/wp-content/themes/c-eiwa/pdf/2406zeh.pdf,0778-54-7775,
"株式会社設計木花家",2017/06/14,2017,"B登録","新築注文戸建住宅",0,,0,,34,,0,,0,,60,,"富山県;石川県;福井県",https://www.kokage.org/free/113515/,076-254-0366,
"みどり建設株式会社",2017/06/14,2017,"B登録","新築注文戸建住宅",0,,0,,0,,0,,未,,50,,"福井県",https://midorikensetu.jp/news/10535/,0776-23-6447,
"小中出建設株式会社",2017/05/19,2017,"B登録","新築注文戸建住宅,既存改修",0,0,0,0,0,0,100,0,未,未,50,50,"石川県;福井県",http://konakade.co.jp/wordpress/wp-content/uploads/2025/05/92258c63e540e4fd3859cb3e42d4c4f7.pdf,0761-72-0711,
"株式会社ＡＸＳデザイン",2017/04/28,2017,"B登録","新築注文戸建住宅",32,,56,,58,,未,,未,,50,,"富山県;石川県;福井県",http://www.axs-inc.jp/,0120-130-333,
"有限会社池上工務店",2017/03/17,2016,"B登録","新築注文戸建住宅",0,,0,,0,,0,,未,,100,,"福井県",http://blog.livedoor.jp/ikegami0511/,0776-22-3023,
"有限会社イッセイホーム",2017/03/17,2016,"B登録","新築注文戸建住宅,既存改修",0,0,0,0,0,0,0,0,未,未,50,50,"福井県",https://www.isseihome.com/post_12.html,0776-52-0822,
"株式会社大町ハウジング",2017/03/17,2016,"B登録","新築注文戸建住宅,新築建売戸建住宅,既存改修",0,0,0,0,45,0,100,0,100,0,50,50,"福井県",https://oomachi-housing.co.jp/other/zeh,0776-33-5855,★★★★★★
"ｋｅｎ－ｋｅｎ有限会社",2017/03/17,2016,"B登録","新築注文戸建住宅",0,,0,,0,,0,,未,,50,,"青森県;岩手県;宮城県;秋田県;山形県;福島県;茨城県;栃木県;群馬県;埼玉県;千葉県;東京都;神奈川県;新潟県;富山県;石川県;福井県;山梨県;長野県;岐阜県;静岡県;愛知県;三重県;滋賀県;京都府;大阪府;兵庫県;奈良県;和歌山県;鳥取県;島根県;岡山県;広島県;山口県;徳島県;香川県;愛媛県;高知県;福岡県;佐賀県;長崎県;熊本県;大分県;宮崎県;鹿児島県;沖縄県",,045-222-8303,
"松山建設株式会社",2017/03/17,2016,"B登録","新築注文戸建住宅,新築建売戸建住宅",25,,0,,34,,未,,未,,75,,"福井県",http://www.matsuyama-kensetsu.jp/,0779-89-2004,
"株式会社マルイビルド",2017/03/17,2016,"B登録","新築注文戸建住宅",15,,15,,50,,44,,未,,55,,"東京都;新潟県;富山県;石川県;福井県;山梨県;長野県;岐阜県;静岡県;愛知県;三重県;滋賀県;京都府;大阪府;兵庫県;奈良県;和歌山県",https://www.fair-home.jp/wp-content/uploads/2025/06/ZEH2024.pdf,0749-57-0295,
"アスカ・建材店",2017/02/03,2016,"B登録","新築注文戸建住宅,既存改修",0,0,0,0,0,0,未,未,未,未,95,95,"富山県;石川県;福井県",,0768-62-3347,
"株式会社ハウスプロデュース",2017/02/03,2016,"B登録","新築注文戸建住宅,新築建売戸建住宅,既存改修",0,0,0,0,未,未,未,未,未,未,90,90,"青森県;岩手県;宮城県;秋田県;山形県;福島県;茨城県;栃木県;群馬県;埼玉県;千葉県;東京都;神奈川県;新潟県;富山県;石川県;福井県;山梨県;長野県;岐阜県;静岡県;愛知県;三重県;滋賀県;京都府;大阪府;兵庫県;奈良県;和歌山県;鳥取県;島根県;岡山県;広島県;山口県;徳島県;香川県;愛媛県;高知県;福岡県;佐賀県;長崎県;熊本県;大分県;宮崎県;鹿児島県;沖縄県",https://en-reform.com/company/,06-4300-5231,
"浜本建設株式会社",2017/02/03,2016,"B登録","新築注文戸建住宅,既存改修",0,0,12,0,0,0,34,0,未,未,50,50,"福井県",https://hama-home.net/zeh%ef%bc%88%e3%82%bc%e3%83%83%e3%83%81%ef%bc%89%e4%bd%8f%e5%ae%85%e6%99%ae%e5%8f%8a%e5%ae%9f%e7%b8%be%e3%81%a8%e7%9b%ae%e6%a8%99%e3%81%ab%e3%81%a4%e3%81%84%e3%81%a6/,0776-26-3183,
"足羽内装商店",2016/12/22,2016,"B登録","新築注文戸建住宅,既存改修",0,0,0,0,0,0,未,未,未,未,55,55,"福井県",http://asuwahome.sakura.ne.jp,0776-41-3641,
"株式会社小林住建",2016/12/22,2016,"B登録","新築注文戸建住宅,既存改修",0,0,0,0,0,0,0,0,未,未,50,50,"福井県",,0776-23-1912,
"イシンホーム住宅研究会",2016/11/25,2016,"B登録","新築注文戸建住宅",41,,30,,36,,38,,未,,80,,"青森県;岩手県;宮城県;秋田県;山形県;福島県;茨城県;栃木県;群馬県;埼玉県;千葉県;東京都;神奈川県;新潟県;富山県;石川県;福井県;山梨県;長野県;岐阜県;静岡県;愛知県;三重県;滋賀県;京都府;大阪府;兵庫県;奈良県;和歌山県;鳥取県;島根県;岡山県;広島県;山口県;徳島県;香川県;愛媛県;高知県;福岡県;佐賀県;長崎県;熊本県;大分県;宮崎県;鹿児島県;沖縄県",https://ishinhome.co.jp/company/eco.php,086-270-7077,
"クラード建築設計事務所",2016/11/25,2016,"B登録","新築注文戸建住宅",0,,0,,100,,100,,未,,55,,"富山県;石川県;福井県",https://xn--pck9bxe6c.net/zeh2/,076-201-8520,
"トクエホーム有限会社西川技建工業",2016/11/08,2016,"B登録","新築注文戸建住宅,既存改修",0,0,0,0,50,0,50,0,未,未,50,50,"福井県;岐阜県;滋賀県;京都府",https://tokuehome.com/9571/,0749-85-6611,
"百年住宅",2016/11/08,2016,"B登録","新築注文戸建住宅",0,,0,,0,,0,,未,,75,,"青森県;岩手県;宮城県;秋田県;山形県;福島県;茨城県;栃木県;群馬県;埼玉県;千葉県;東京都;神奈川県;新潟県;富山県;石川県;福井県;山梨県;長野県;岐阜県;静岡県;愛知県;三重県;滋賀県;京都府;大阪府;兵庫県;奈良県;和歌山県;鳥取県;島根県;岡山県;広島県;山口県;徳島県;香川県;愛媛県;高知県;福岡県;佐賀県;長崎県;熊本県;大分県;宮崎県;鹿児島県;沖縄県",https://www.wpc100.co.jp/news/details_52.html,054-237-0500,
"SUR都市建築事務所",2016/10/21,2016,"B登録","新築注文戸建住宅",100,,100,,100,,100,,未,,100,,"青森県;岩手県;宮城県;秋田県;山形県;福島県;茨城県;栃木県;群馬県;埼玉県;千葉県;東京都;神奈川県;新潟県;富山県;石川県;福井県;山梨県;長野県;岐阜県;静岡県;愛知県;三重県;滋賀県;京都府;大阪府;兵庫県;奈良県;和歌山県;鳥取県;島根県;岡山県;広島県;山口県;徳島県;香川県;愛媛県;高知県;福岡県;佐賀県;長崎県;熊本県;大分県;宮崎県;鹿児島県;沖縄県",http://surarch.com/news/zeh%e3%83%93%e3%83%ab%e3%83%80%e3%83%bc%ef%bc%8f%e3%83%97%e3%83%a9%e3%83%b3%e3%83%8a%e3%83%bc.html,03-3368-5700,
"サカイ建設不動産株式会社",2016/10/21,2016,"B登録","新築注文戸建住宅",0,,0,,67,,100,,未,,50,,"福井県",https://sakai-kf.com/pages/1000010/detail=1/b_id=7/r_id=91#block7-91,0776-36-5510,
"株式会社澤村",2016/10/21,2016,"B登録","新築注文戸建住宅,新築建売戸建住宅,既存改修",0,0,0,0,2,0,0,0,未,未,65,50,"福井県;岐阜県;滋賀県;京都府;大阪府;兵庫県;奈良県",,0740-36-2500,
"大成建設ハウジング株式会社",2016/10/21,2016,"B登録","新築注文戸建住宅",0,,3,,3,,20,,14,,50,,"青森県;岩手県;宮城県;秋田県;山形県;福島県;茨城県;栃木県;群馬県;埼玉県;千葉県;東京都;神奈川県;新潟県;富山県;石川県;福井県;山梨県;長野県;岐阜県;静岡県;愛知県;三重県;滋賀県;京都府;大阪府;兵庫県;奈良県;和歌山県;鳥取県;島根県;岡山県;広島県;山口県;徳島県;香川県;愛媛県;高知県;福岡県;佐賀県;長崎県;熊本県;大分県;宮崎県;鹿児島県;沖縄県",https://palcon.jp/wp2021/wp-content/uploads/2025/05/ZEH_Performance_report2024-3.pdf,0120-197-406,
"株式会社木の家専門店谷口工務店",2016/09/28,2016,"B登録","新築注文戸建住宅,既存改修",8,0,3,0,21,0,12,0,未,未,50,50,"東京都;福井県;岐阜県;愛知県;三重県;滋賀県;京都府;大阪府;兵庫県;奈良県;和歌山県",https://taniguchi-koumuten.jp/knowledge/material_method/method02.html,0748-57-1990,
"株式会社坂根工務店",2016/09/28,2016,"B登録","新築注文戸建住宅,既存改修",0,0,0,0,0,0,0,0,未,未,50,50,"福井県;京都府;兵庫県",https://sakane.co.jp/blog/p2694/,0773-63-2315,
"杉山建設",2016/09/28,2016,"B登録","新築注文戸建住宅,既存改修",34,0,未,未,未,未,未,未,未,未,75,75,"福井県",http://www.sugiyama-kensetsu.com,0779-87-2506,
"株式会社マルト",2016/09/28,2016,"B登録","新築注文戸建住宅,既存改修",40,0,50,0,17,0,58,0,未,未,75,55,"福井県;岐阜県;三重県;滋賀県",https://www.maruto-s.com/service04/?id=zeh,0749-48-0313,
"ADX",2016/08/26,2016,"B登録","新築注文戸建住宅,既存改修",0,0,0,0,0,0,0,0,未,未,50,50,"青森県;岩手県;宮城県;秋田県;山形県;福島県;茨城県;栃木県;群馬県;埼玉県;千葉県;東京都;神奈川県;新潟県;富山県;石川県;福井県;山梨県;長野県;岐阜県;静岡県;愛知県;三重県;滋賀県;京都府;大阪府;兵庫県;奈良県;和歌山県;鳥取県;島根県;岡山県;広島県;山口県;徳島県;香川県;愛媛県;高知県;福岡県;佐賀県;長崎県;熊本県;大分県;宮崎県;鹿児島県;沖縄県",,0243-22-1298,
"株式会社中広地所",2016/08/26,2016,"B登録","新築注文戸建住宅",0,,0,,50,,60,,未,,75,,"福井県",https://www.nstyle.info/main/wp-content/themes/nakahiro2022/images/index/zhe_goal.pdf,0776-27-4500,
"丸勝建築株式会社",2016/08/26,2016,"B登録","新築注文戸建住宅,新築建売戸建住宅,既存改修",0,0,0,0,0,0,0,0,未,未,50,50,"福井県",https://www.marukatsu-kk.jp/top/ZEH_report.pdf,0776-36-0090,
"株式会社小澤工務店",2016/07/29,2016,"B登録","新築注文戸建住宅,既存改修",0,0,100,0,0,0,0,0,未,未,50,50,"福井県",https://www.ozawakoumuten.co.jp/whatsnew/zeh_1.html,0776-37-1259,
"SUBLIMEHOME株式会社",2016/07/29,2016,"B登録","新築注文戸建住宅",0,,0,,未,,未,,未,,50,,"福井県;滋賀県;京都府;大阪府",,077-582-3300,
"パーフェクト・ホーム　有限会社　いとしん",2016/07/29,2016,"B登録","新築注文戸建住宅",0,,13,,未,,未,,未,,100,,"福井県",http://www.ph1104.jp,0776-24-1104,
"ファイン．住宅株式会社",2016/07/29,2016,"B登録","新築注文戸建住宅,新築建売戸建住宅",0,,0,,22,,100,,未,,100,,"福井県;京都府",https://fine-jyutaku.jp/beginner,0773-78-2598,
"株式会社MUJI HOUSE",2016/07/29,2016,"B登録","新築注文戸建住宅,新築建売戸建住宅,既存改修",0,0,11,0,0,0,1,0,未,未,51,50,"青森県;岩手県;宮城県;秋田県;山形県;福島県;茨城県;栃木県;群馬県;埼玉県;千葉県;東京都;神奈川県;新潟県;富山県;石川県;福井県;山梨県;長野県;岐阜県;静岡県;愛知県;三重県;滋賀県;京都府;大阪府;兵庫県;奈良県;和歌山県;鳥取県;島根県;岡山県;広島県;山口県;徳島県;香川県;愛媛県;高知県;福岡県;佐賀県;長崎県;熊本県;大分県;宮崎県;鹿児島県",https://www.muji.net/ie/seinou/dannetsu/index.html#zeh,03-6699-7400,
"アントール",2016/07/08,2016,"B登録","新築注文戸建住宅,新築建売戸建住宅,既存改修",9,1,9,2,20,3,68,4,未,未,50,50,"富山県;石川県;福井県",https://www.antol.jp/9573,0767-53-4311,
"中村勉総合計画事務所",2016/07/08,2016,"B登録","新築注文戸建住宅,既存改修",50,100,100,0,100,0,50,0,未,未,100,100,"青森県;岩手県;宮城県;秋田県;山形県;福島県;茨城県;栃木県;群馬県;埼玉県;千葉県;東京都;神奈川県;新潟県;富山県;石川県;福井県;山梨県;長野県;岐阜県;静岡県;愛知県;三重県;滋賀県;京都府;大阪府;兵庫県;奈良県;和歌山県;鳥取県;島根県;岡山県;広島県;山口県;徳島県;香川県;愛媛県;高知県;福岡県;佐賀県;長崎県;熊本県;大分県;宮崎県;鹿児島県;沖縄県",http://www.iceice.com/ben/img/zeh_report24_3.pdf,03-3816-0085,
"HONMA　HOUSE　株式会社　本間組",2016/07/08,2016,"B登録","新築注文戸建住宅,新築建売戸建住宅",50,,100,,50,,100,,未,,83,,"青森県;岩手県;宮城県;秋田県;山形県;福島県;茨城県;栃木県;群馬県;埼玉県;千葉県;東京都;神奈川県;新潟県;富山県;石川県;福井県;山梨県;長野県;岐阜県;静岡県;愛知県;三重県;滋賀県;京都府;大阪府;兵庫県;奈良県;和歌山県;鳥取県;島根県;岡山県;広島県;山口県;福岡県;佐賀県;長崎県;熊本県;大分県;宮崎県;鹿児島県",https://honma-house.jp/zeh/,025-201-1775,
"山﨑建設株式会社",2016/07/08,2016,"B登録","新築注文戸建住宅,既存改修",8,0,32,0,69,0,100,20,未,未,50,50,"石川県;福井県",,0776-35-7700,
"株式会社アーキスタジオ",2016/06/17,2016,"B登録","新築注文戸建住宅,既存改修",0,0,未,未,未,未,未,未,未,未,90,50,"青森県;岩手県;宮城県;秋田県;山形県;福島県;茨城県;栃木県;群馬県;埼玉県;千葉県;東京都;神奈川県;新潟県;富山県;石川県;福井県;山梨県;長野県;岐阜県;静岡県;愛知県;三重県;滋賀県;京都府;大阪府;兵庫県;奈良県;和歌山県;鳥取県;島根県;岡山県;広島県;山口県;徳島県;香川県;愛媛県;高知県;福岡県;佐賀県;長崎県;熊本県;大分県;宮崎県;鹿児島県;沖縄県",http://archi-st.co.jp/,03-3565-0370,
"いえとち本舗",2016/06/17,2016,"B登録","新築注文戸建住宅,新築建売戸建住宅",43,,31,,49,,58,,未,,50,,"青森県;岩手県;宮城県;秋田県;山形県;福島県;茨城県;栃木県;群馬県;埼玉県;千葉県;東京都;神奈川県;新潟県;富山県;石川県;福井県;山梨県;長野県;岐阜県;静岡県;愛知県;三重県;滋賀県;京都府;大阪府;兵庫県;奈良県;和歌山県;鳥取県;島根県;岡山県;広島県;山口県;徳島県;香川県;愛媛県;高知県;福岡県;佐賀県;長崎県;熊本県;大分県;宮崎県;鹿児島県;沖縄県",https://ietochihonpo.jp/news/,050-1871-0117,
"株式会社　インデュアホーム",2016/06/17,2016,"B登録","新築注文戸建住宅,新築建売戸建住宅,既存改修",0,0,0,0,0,0,0,0,未,未,50,50,"青森県;岩手県;宮城県;秋田県;山形県;福島県;茨城県;栃木県;群馬県;埼玉県;千葉県;東京都;神奈川県;新潟県;富山県;石川県;福井県;山梨県;長野県;岐阜県;静岡県;愛知県;三重県;滋賀県;京都府;大阪府;兵庫県;奈良県;和歌山県;鳥取県;島根県;岡山県;広島県;山口県;徳島県;香川県;愛媛県;高知県;福岡県;佐賀県;長崎県;熊本県;大分県;宮崎県;鹿児島県",,0198-32-1882,
"ウールの家（株式会社清水建装）",2016/06/17,2016,"B登録","新築注文戸建住宅,既存改修",27,0,10,0,0,0,95,0,未,未,50,50,"福井県;滋賀県",https://shimizu-kenso.jp/zeh,0770-23-6136,
"エースホーム",2016/06/17,2016,"B登録","新築注文戸建住宅,新築建売戸建住宅",54,,52,,55,,56,,58,,75,,"青森県;岩手県;宮城県;秋田県;山形県;福島県;茨城県;栃木県;群馬県;埼玉県;千葉県;東京都;神奈川県;新潟県;富山県;石川県;福井県;山梨県;長野県;岐阜県;静岡県;愛知県;三重県;滋賀県;京都府;大阪府;兵庫県;奈良県;和歌山県;鳥取県;島根県;岡山県;広島県;山口県;徳島県;香川県;愛媛県;高知県;福岡県;佐賀県;長崎県;熊本県;大分県;宮崎県;鹿児島県",https://www.acehome.co.jp/acehome_zeh,03-5944-0830,★★★★★☆
"タカノホーム株式会社",2016/06/17,2016,"B登録","新築注文戸建住宅",5,,83,,92,,100,,100,,50,,"富山県;石川県;福井県;岐阜県",https://takanohome.com/blog/36334/,076-466-4180,★★★★★★
"株式会社タキナミ",2016/06/17,2016,"B登録","新築注文戸建住宅,新築建売戸建住宅,既存改修",63,0,100,100,100,0,100,0,未,未,75,75,"福井県",https://takinami.jp/attempt/,0776-23-0010,
"MAO",2016/06/17,2016,"B登録","新築注文戸建住宅",53,,56,,42,,70,,未,,100,,"青森県;岩手県;宮城県;秋田県;山形県;福島県;茨城県;栃木県;群馬県;埼玉県;千葉県;東京都;神奈川県;新潟県;富山県;石川県;福井県;山梨県;長野県;岐阜県;静岡県;愛知県;三重県;滋賀県;京都府;大阪府;兵庫県;奈良県;和歌山県;鳥取県;島根県;岡山県;広島県;山口県;徳島県;香川県;愛媛県;高知県;福岡県;佐賀県;長崎県;熊本県;大分県;宮崎県;鹿児島県;沖縄県",https://matsuosekkei.com/,078-928-4777,
"株式会社リーフハウス",2016/06/17,2016,"B登録","新築注文戸建住宅,新築建売戸建住宅",3,,3,,48,,73,,95,,65,,"福井県",https://www.leafhouse.jp/event_column/%e5%ae%8c%e6%88%90%e5%86%85%e8%a6%a7%e4%bc%9a%e3%81%ae%e3%81%8a%e7%a4%bc,0776-54-0098,★★★★★★
"株式会社アイ工務店",2016/05/13,2016,"B登録","新築注文戸建住宅",11,,14,,32,,63,,62,,60,,"青森県;岩手県;宮城県;秋田県;山形県;福島県;茨城県;栃木県;群馬県;埼玉県;千葉県;東京都;神奈川県;新潟県;富山県;石川県;福井県;山梨県;長野県;岐阜県;静岡県;愛知県;三重県;滋賀県;京都府;大阪府;兵庫県;奈良県;和歌山県;鳥取県;島根県;岡山県;広島県;山口県;徳島県;香川県;愛媛県;高知県;福岡県;佐賀県;長崎県;熊本県;大分県;宮崎県;鹿児島県;沖縄県",https://www.ai-koumuten.co.jp/concept/zeh/,06-6227-8288,★★★★★☆
"株式会社 稲見建築設計事務所",2016/05/13,2016,"B登録","新築注文戸建住宅,既存改修",100,0,100,0,0,0,0,0,未,未,90,80,"青森県;岩手県;宮城県;秋田県;山形県;福島県;茨城県;栃木県;群馬県;埼玉県;千葉県;東京都;神奈川県;新潟県;富山県;石川県;福井県;山梨県;長野県;岐阜県;静岡県;愛知県;三重県;滋賀県;京都府;大阪府;兵庫県;奈良県;和歌山県;鳥取県;島根県;岡山県;広島県;山口県;徳島県;香川県;愛媛県;高知県;福岡県;佐賀県;長崎県;熊本県;大分県;宮崎県;鹿児島県;沖縄県",https://www.a173.org/2024/04/23/zeh%e5%ae%9f%e7%b8%be%e5%a0%b1%e5%91%8a-2/,017-742-2636,
"永和住宅株式会社",2016/05/13,2016,"B登録","新築注文戸建住宅",45,,95,,未,,未,,未,,50,,"石川県;福井県;滋賀県",http://www.eiwahome.co.jp/,0776-21-7788,
"株式会社エーシン",2016/05/13,2016,"B登録","新築注文戸建住宅,新築建売戸建住宅",0,,0,,87,,92,,94,,80,,"石川県;福井県",https://www.eshin-home.com/blogs/p13948/,0776-52-0025,★★★★★★
"株式会社秀光ビルド",2016/05/13,2016,"B登録","新築注文戸建住宅",1,,1,,1,,12,,18,,50,,"宮城県;福島県;栃木県;群馬県;富山県;石川県;福井県;長野県;岐阜県;静岡県;愛知県;三重県;滋賀県;京都府;大阪府;兵庫県;奈良県;和歌山県;岡山県;徳島県;香川県;愛媛県;高知県",https://shukobuild.com/wp/wp-content/themes/shukobuild2024/assets/pdf/common/zeh2025.pdf,0120-333-289,
"末広建設株式会社",2016/05/13,2016,"B登録","新築注文戸建住宅,既存改修",0,0,0,0,0,0,0,0,未,未,50,50,"福井県",https://www.suehiro-kensetsu.com/information/post-89/,0776-35-6210,
"株式会社ステーツ",2016/05/13,2016,"B登録","新築注文戸建住宅,新築建売戸建住宅",1,,7,,66,,87,,82,,50,,"群馬県;埼玉県;神奈川県;新潟県;富山県;石川県;福井県;山梨県;長野県;徳島県;香川県;愛媛県;高知県",https://www.states.co.jp/news/1984/,025-383-3003,★★★★★★
"積水ハウス建設",2016/05/13,2016,"B登録","新築注文戸建住宅",18,,20,,14,,未,,未,,50,,"青森県;岩手県;宮城県;秋田県;山形県;福島県;茨城県;栃木県;群馬県;埼玉県;千葉県;東京都;神奈川県;新潟県;富山県;石川県;福井県;山梨県;長野県;岐阜県;静岡県;愛知県;三重県;滋賀県;京都府;大阪府;兵庫県;奈良県;和歌山県;鳥取県;島根県;岡山県;広島県;山口県;徳島県;香川県;愛媛県;高知県;福岡県;佐賀県;長崎県;熊本県;大分県;宮崎県;鹿児島県",https://www.noie.sekisuihouse.co.jp/,06-6440-3340,
"永森建設株式会社",2016/05/13,2016,"B登録","新築注文戸建住宅,新築建売戸建住宅,既存改修",0,0,4,0,96,0,98,0,100,0,50,50,"富山県;石川県;福井県;岐阜県;滋賀県",https://www.eshin-group.co.jp/blog/p15346/,0776-52-0007,★★★★☆☆
"株式会社　ひまわりほーむ",2016/05/13,2016,"B登録","新築注文戸建住宅,新築建売戸建住宅,既存改修",28,0,24,0,97,0,100,0,未,未,70,50,"茨城県;埼玉県;千葉県;東京都;神奈川県;新潟県;富山県;石川県;福井県",https://www.e-himawari.co.jp/wp-content/uploads/2024/04/e868ad7ad074760fbf6c3ede54e86d5b.pdf,076-269-8100,
"みつぐはうす工房",2016/05/13,2016,"B登録","新築注文戸建住宅,新築建売戸建住宅,既存改修",100,0,100,0,100,0,100,0,未,未,100,100,"福井県",https://mitsugu-house.jp,0778-45-1999,
"有限会社ゆー空間建築事務所",2016/05/13,2016,"B登録","新築注文戸建住宅,既存改修",0,0,0,0,0,0,未,未,未,未,100,85,"福井県;滋賀県;京都府",http://www.yu-kukan.co.jp,0740-22-1200,
"株式会社　Ｒｅｂｏｒｎ",2016/05/13,2016,"B登録","新築注文戸建住宅,既存改修",15,0,25,0,75,17,未,未,未,未,100,50,"栃木県;群馬県;埼玉県;千葉県;東京都;神奈川県;新潟県;富山県;石川県;福井県;山梨県;長野県;岐阜県;静岡県;愛知県;三重県;滋賀県",http://reborn-nagano.co.jp/,026-274-5485,
"アールプラスハウス",2016/04/22,2016,"B登録","新築注文戸建住宅,新築建売戸建住宅",4,,9,,14,,19,,未,,50,,"青森県;岩手県;宮城県;秋田県;山形県;福島県;茨城県;栃木県;群馬県;埼玉県;千葉県;東京都;神奈川県;新潟県;富山県;石川県;福井県;山梨県;長野県;岐阜県;静岡県;愛知県;三重県;滋賀県;京都府;大阪府;兵庫県;奈良県;和歌山県;鳥取県;島根県;岡山県;広島県;山口県;徳島県;香川県;愛媛県;高知県;福岡県;佐賀県;長崎県;熊本県;大分県;宮崎県;鹿児島県;沖縄県",https://www.r-plus-house.com/about/performance,080-3410-7905,
"石友ホーム株式会社",2016/04/22,2016,"B登録","新築注文戸建住宅",18,,44,,86,,94,,95,,50,,"新潟県;富山県;石川県;福井県;岐阜県;滋賀県",https://www.ishitomo-home.co.jp/news/details_31051.html,0766-84-6110,★★★★★★
"株式会社一条工務店",2016/04/22,2016,"B登録","新築注文戸建住宅,新築建売戸建住宅",96,,98,,99,,100,,未,,90,,"青森県;岩手県;宮城県;秋田県;山形県;福島県;茨城県;栃木県;群馬県;埼玉県;千葉県;東京都;神奈川県;新潟県;富山県;石川県;福井県;山梨県;長野県;岐阜県;静岡県;愛知県;三重県;滋賀県;京都府;大阪府;兵庫県;奈良県;和歌山県;鳥取県;島根県;岡山県;広島県;山口県;徳島県;香川県;愛媛県;福岡県;佐賀県;長崎県;熊本県;大分県;宮崎県;鹿児島県",https://www.ichijo.co.jp/zeh/,053-447-8167,
"株式会社WELLNESTHOME",2016/04/22,2016,"B登録","新築注文戸建住宅",57,,52,,53,,78,,未,,80,,"青森県;宮城県;秋田県;福島県;茨城県;栃木県;埼玉県;千葉県;東京都;神奈川県;新潟県;富山県;石川県;福井県;山梨県;長野県;岐阜県;静岡県;愛知県;三重県;滋賀県;京都府;大阪府;兵庫県;奈良県;島根県;岡山県;広島県;山口県;徳島県;香川県;愛媛県;福岡県;長崎県;熊本県;沖縄県",https://wellnesthome.jp/info/21525/,0120-146-991,
"内保製材株式会社",2016/04/22,2016,"B登録","新築注文戸建住宅",0,,10,,27,,28,,未,,50,,"福井県;滋賀県",https://www.uchiboseizai.com/co_navi/cPM20161018095532-9.html,0749-74-0161,
"ウッドライフホーム株式会社",2016/04/22,2016,"B登録","新築注文戸建住宅",8,,37,,69,,82,,89,,50,,"富山県;石川県;福井県;長野県;岐阜県;滋賀県",https://www.woodlife-home.co.jp/news/n-31053.html,0766-84-3683,★★★★★★
"オスカーホーム",2016/04/22,2016,"B登録","新築注文戸建住宅,新築建売戸建住宅",29,,22,,36,,82,,未,,60,,"新潟県;富山県;石川県;福井県",,076-422-8489,
"株式会社カメプラン一級建築士事務所",2016/04/22,2016,"B登録","新築注文戸建住宅,既存改修",0,0,0,0,0,0,100,0,未,未,80,80,"青森県;岩手県;宮城県;秋田県;山形県;福島県;茨城県;栃木県;群馬県;埼玉県;千葉県;東京都;神奈川県;新潟県;富山県;石川県;福井県;山梨県;長野県;岐阜県;静岡県;愛知県;三重県;滋賀県;京都府;大阪府;兵庫県;奈良県;和歌山県;鳥取県;島根県;岡山県;広島県;山口県;徳島県;香川県;愛媛県;高知県;福岡県;佐賀県;長崎県;熊本県;大分県;宮崎県;鹿児島県;沖縄県",https://www.kameplan.com,042-306-0842,
"株式会社スウェーデンハウス",2016/04/22,2016,"B登録","新築注文戸建住宅,新築建売戸建住宅,既存改修",26,0,34,0,39,0,45,0,51,0,51,50,"青森県;岩手県;宮城県;秋田県;山形県;福島県;茨城県;栃木県;群馬県;埼玉県;千葉県;東京都;神奈川県;新潟県;富山県;石川県;福井県;山梨県;長野県;岐阜県;静岡県;愛知県;三重県;滋賀県;京都府;大阪府;兵庫県;奈良県;和歌山県;鳥取県;島根県;岡山県;広島県;山口県;徳島県;香川県;愛媛県;高知県;福岡県;佐賀県;長崎県;熊本県;大分県;宮崎県;鹿児島県",https://www.swedenhouse.co.jp/hus_eco_zero/#modal-00,03-5430-7631,★★★★★☆
"住友林業株式会社",2016/04/22,2016,"B登録","新築注文戸建住宅,新築建売戸建住宅",56,,73,,79,,80,,未,,80,,"青森県;岩手県;宮城県;秋田県;山形県;福島県;茨城県;栃木県;群馬県;埼玉県;千葉県;東京都;神奈川県;新潟県;富山県;石川県;福井県;山梨県;長野県;岐阜県;静岡県;愛知県;三重県;滋賀県;京都府;大阪府;兵庫県;奈良県;和歌山県;鳥取県;島根県;岡山県;広島県;山口県;徳島県;香川県;愛媛県;高知県;福岡県;佐賀県;長崎県;熊本県;大分県;宮崎県;鹿児島県",https://sfc.jp/ie/technology/zeh/style/sub2.html,03-3214-3965,
"セキスイハイム",2016/04/22,2016,"B登録","新築注文戸建住宅,新築建売戸建住宅",85,,89,,94,,96,,95,,75,,"青森県;岩手県;宮城県;秋田県;山形県;福島県;茨城県;栃木県;群馬県;埼玉県;千葉県;東京都;神奈川県;新潟県;富山県;石川県;福井県;山梨県;長野県;岐阜県;静岡県;愛知県;三重県;滋賀県;京都府;大阪府;兵庫県;奈良県;和歌山県;鳥取県;島根県;岡山県;広島県;山口県;徳島県;香川県;愛媛県;高知県;福岡県;佐賀県;長崎県;熊本県;大分県;宮崎県;鹿児島県",https://www.sekisuiheim.com/smart/smartheim/zeh/,03-6748-6460,★★★★★★
"積水ハウス株式会社",2016/04/22,2016,"B登録","新築注文戸建住宅,新築建売戸建住宅",91,,92,,93,,95,,未,,90,,"青森県;岩手県;宮城県;秋田県;山形県;福島県;茨城県;栃木県;群馬県;埼玉県;千葉県;東京都;神奈川県;新潟県;富山県;石川県;福井県;山梨県;長野県;岐阜県;静岡県;愛知県;三重県;滋賀県;京都府;大阪府;兵庫県;奈良県;和歌山県;鳥取県;島根県;岡山県;広島県;山口県;徳島県;香川県;愛媛県;高知県;福岡県;佐賀県;長崎県;熊本県;大分県;宮崎県;鹿児島県",https://www.sekisuihouse.co.jp/zeh/,06-6440-3021,
"大和ハウス工業株式会社",2016/04/22,2016,"B登録","新築注文戸建住宅,新築建売戸建住宅",50,,53,,86,,97,,99,,85,,"青森県;岩手県;宮城県;秋田県;山形県;福島県;茨城県;栃木県;群馬県;埼玉県;千葉県;東京都;神奈川県;新潟県;富山県;石川県;福井県;山梨県;長野県;岐阜県;静岡県;愛知県;三重県;滋賀県;京都府;大阪府;兵庫県;奈良県;和歌山県;鳥取県;島根県;岡山県;広島県;山口県;徳島県;香川県;愛媛県;高知県;福岡県;佐賀県;長崎県;熊本県;大分県;宮崎県;鹿児島県;沖縄県",https://www.daiwahouse.co.jp/sustainable/zehzeb/index.html,06-6342-1300,★★★★★★
"株式会社谷田工務店",2016/04/22,2016,"B登録","新築注文戸建住宅",17,,0,,0,,0,,未,,50,,"福井県;京都府",,0773-63-1601,
"タマホーム株式会社",2016/04/22,2016,"B登録","新築注文戸建住宅",2,,1,,3,,3,,未,,50,,"青森県;岩手県;宮城県;秋田県;山形県;福島県;茨城県;栃木県;群馬県;埼玉県;千葉県;東京都;神奈川県;新潟県;富山県;石川県;福井県;山梨県;長野県;岐阜県;静岡県;愛知県;三重県;滋賀県;京都府;大阪府;兵庫県;奈良県;和歌山県;鳥取県;島根県;岡山県;広島県;山口県;徳島県;香川県;愛媛県;高知県;福岡県;佐賀県;長崎県;熊本県;大分県;宮崎県;鹿児島県;沖縄県",https://www.tamahome.jp/products/faq/,03-6408-1200,
"株式会社　日本ハウスホールディングス",2016/04/22,2016,"B登録","新築注文戸建住宅,新築建売戸建住宅,既存改修",50,100,44,0,57,0,62,0,58,0,75,75,"青森県;岩手県;宮城県;秋田県;山形県;福島県;茨城県;栃木県;群馬県;埼玉県;千葉県;東京都;神奈川県;新潟県;富山県;石川県;福井県;山梨県;長野県;岐阜県;静岡県;愛知県;三重県;滋賀県;京都府;大阪府;兵庫県;奈良県;和歌山県;鳥取県;島根県;岡山県;広島県;山口県;徳島県;香川県;愛媛県;高知県;福岡県;佐賀県;長崎県;熊本県;大分県;宮崎県;鹿児島県",https://www.nihonhouse-hd.co.jp/topics/zeh/,03-5215-9881,★★★★★☆
"パナソニックホームズ",2016/04/22,2016,"B登録","新築注文戸建住宅,新築建売戸建住宅",54,,62,,80,,83,,92,,85,,"岩手県;宮城県;福島県;茨城県;栃木県;群馬県;埼玉県;千葉県;東京都;神奈川県;新潟県;富山県;石川県;福井県;山梨県;長野県;岐阜県;静岡県;愛知県;三重県;滋賀県;京都府;大阪府;兵庫県;奈良県;和歌山県;鳥取県;島根県;岡山県;広島県;山口県;徳島県;香川県;愛媛県;高知県;福岡県;佐賀県;長崎県;熊本県;大分県;宮崎県;鹿児島県;沖縄県",https://homes.panasonic.com/sumai/technology/kankyou.html#zeh,06-6834-5111,★★★★★★
"濱田建設株式会社",2016/04/22,2016,"B登録","新築注文戸建住宅",0,,0,,0,,未,,未,,50,,"福井県;滋賀県",https://www.hamadakk.co.jp/,0770-22-0283,
"株式会社ヒノキヤグループ",2016/04/22,2016,"B登録","新築注文戸建住宅",0,,0,,1,,11,,未,,50,,"青森県;岩手県;宮城県;秋田県;山形県;福島県;茨城県;栃木県;群馬県;埼玉県;千葉県;東京都;神奈川県;新潟県;富山県;石川県;福井県;山梨県;長野県;岐阜県;静岡県;愛知県;三重県;滋賀県;京都府;大阪府;兵庫県;奈良県;鳥取県;島根県;岡山県;徳島県;香川県;愛媛県;高知県;福岡県;佐賀県;長崎県;熊本県;大分県;鹿児島県",,080-4055-1496,
"フィアスホーム",2016/04/22,2016,"B登録","新築注文戸建住宅,新築建売戸建住宅",22,,48,,56,,59,,67,,50,,"山形県;埼玉県;東京都;福井県;山梨県;長野県;岐阜県;静岡県;愛知県;滋賀県;京都府;兵庫県;島根県;徳島県;愛媛県",https://www.fiace.jp/company/zeh/default.htm,0120-797-925,★★★★★☆
"福登建設株式会社",2016/04/22,2016,"B登録","新築注文戸建住宅,既存改修",0,0,0,0,0,0,0,0,0,0,55,50,"福井県",https://www.fukutoh.co.jp/zeh/,0776-36-2315,
"ホクシンハウス",2016/04/22,2016,"B登録","新築注文戸建住宅,新築建売戸建住宅",72,,71,,78,,89,,未,,80,,"福島県;茨城県;栃木県;群馬県;埼玉県;千葉県;東京都;神奈川県;新潟県;富山県;石川県;福井県;山梨県;長野県;岐阜県;静岡県;愛知県",https://www.hokushinhouse.com/concept/technology/zeh,026-217-3877,
"松栄建設株式会社",2016/04/22,2016,"B登録","新築注文戸建住宅,新築建売戸建住宅",36,,100,,100,,100,,未,,100,,"福井県",https://www.matsuei.co.jp/quality/zeh.php,0776-51-0600,
"ミサワホーム株式会社",2016/04/22,2016,"B登録","新築注文戸建住宅,新築建売戸建住宅",42,,61,,77,,89,,93,,75,,"青森県;岩手県;宮城県;秋田県;山形県;福島県;茨城県;栃木県;群馬県;埼玉県;千葉県;東京都;神奈川県;新潟県;富山県;石川県;福井県;山梨県;長野県;岐阜県;静岡県;愛知県;三重県;滋賀県;京都府;大阪府;兵庫県;奈良県;和歌山県;鳥取県;島根県;岡山県;広島県;山口県;徳島県;香川県;愛媛県;高知県;福岡県;佐賀県;長崎県;熊本県;大分県;宮崎県;鹿児島県;沖縄県",https://www.misawa.co.jp/kodate/guide/zeh/,03-3349-8088,★★★★★★
"三井ホーム株式会社",2016/04/22,2016,"B登録","新築注文戸建住宅,新築建売戸建住宅",53,,61,,79,,83,,86,,85,,"岩手県;宮城県;山形県;福島県;茨城県;栃木県;群馬県;埼玉県;千葉県;東京都;神奈川県;新潟県;富山県;石川県;福井県;山梨県;長野県;岐阜県;静岡県;愛知県;三重県;滋賀県;京都府;大阪府;兵庫県;奈良県;和歌山県;島根県;岡山県;広島県;山口県;徳島県;香川県;愛媛県;福岡県;佐賀県;熊本県;大分県;宮崎県;鹿児島県",https://www.mitsuihome.co.jp/home/zeroenergy/,03-6757-8631,★★★★★★
"株式会社ヤマダホームズ",2016/04/22,2016,"B登録","新築注文戸建住宅",17,,25,,27,,41,,45,,50,,"青森県;岩手県;宮城県;秋田県;山形県;福島県;茨城県;栃木県;群馬県;埼玉県;千葉県;東京都;神奈川県;新潟県;富山県;石川県;福井県;山梨県;長野県;岐阜県;静岡県;愛知県;三重県;滋賀県;京都府;大阪府;兵庫県;奈良県;和歌山県;鳥取県;島根県;岡山県;広島県;山口県;徳島県;香川県;愛媛県;高知県;福岡県;佐賀県;長崎県;熊本県;大分県;宮崎県;鹿児島県",https://yamadahomes.jp/products/lineup/net_zero_emergy/,06-6395-3422,★★★★☆☆
"ヤマト住建株式会社",2016/04/22,2016,"B登録","新築注文戸建住宅,新築建売戸建住宅",78,,77,,88,,85,,87,,80,,"茨城県;栃木県;群馬県;埼玉県;千葉県;東京都;神奈川県;福井県;長野県;岐阜県;静岡県;愛知県;三重県;滋賀県;京都府;大阪府;兵庫県;奈良県;和歌山県;岡山県;広島県",https://www.yamatojk.co.jp/choose/zeh_plan,078-230-0600,★★★★★★
"株式会社ワークホームズ",2016/04/22,2016,"B登録","新築注文戸建住宅,新築建売戸建住宅,既存改修",13,0,9,0,14,0,38,0,未,未,50,50,"福井県;岐阜県;愛知県;三重県;滋賀県;京都府;兵庫県",https://workhomes.jp/since1977/zeh,0748-38-8880,
